Seed,R_tau2,Cpp_tau2
1,0.09314275,0.0908643
2,0.1628804,0.169466
3,0.03790832,0.037306
4,0.08423251,0.0872471
5,0.0832858,0.0812311
6,0.02370475,0.0212705
7,0.05071435,0.0419261
8,0.1097559,0.119063
9,0.08142692,0.0882802
10,0.0944846,0.0855668
11,0.138199,0.144529
12,0.06214811,0.0677607
13,0.1042574,0.104837
14,0.02843676,0.0357345
15,0.1119688,0.11633
16,0.1446649,0.151229
17,0.05326167,0.0518378
18,0.09733918,0.103756
19,0.1053953,0.111711
20,0.06160027,0.0600202
